,Datetime,power
0,2019-10-01 06:00:00,0.0
1,2019-10-01 06:15:00,0.004
2,2019-10-01 06:30:00,0.05660000000000001
3,2019-10-01 06:45:00,0.3011999999999998
4,2019-10-01 07:00:00,1.0737999999999996
5,2019-10-01 07:15:00,1.4457000000000002
6,2019-10-01 07:30:00,2.1222000000000003
7,2019-10-01 07:45:00,2.5225999999999984
8,2019-10-01 08:00:00,3.0493000000000006
9,2019-10-01 08:15:00,3.9780999999999995
10,2019-10-01 08:30:00,5.093199999999999
11,2019-10-01 08:45:00,5.958000000000002
12,2019-10-01 09:00:00,3.4134999999999995
13,2019-10-01 09:15:00,3.5608000000000004
14,2019-10-01 09:30:00,3.7287999999999992
15,2019-10-01 09:45:00,4.354399999999999
16,2019-10-01 10:00:00,6.1770000000000005
17,2019-10-01 10:15:00,6.040799999999998
18,2019-10-01 10:30:00,5.912099999999999
19,2019-10-01 10:45:00,5.831799999999999
20,2019-10-01 11:00:00,7.899999999999999
21,2019-10-01 11:15:00,7.8245
22,2019-10-01 11:30:00,7.677700000000002
23,2019-10-01 11:45:00,7.738600000000002
24,2019-10-01 12:00:00,7.566100000000001
25,2019-10-01 12:15:00,7.912999999999999
26,2019-10-01 12:30:00,7.3617
27,2019-10-01 12:45:00,7.482700000000002
28,2019-10-01 13:00:00,7.8975
29,2019-10-01 13:15:00,7.716300000000001
30,2019-10-01 13:30:00,7.7373
31,2019-10-01 13:45:00,7.802999999999998
32,2019-10-01 14:00:00,7.028199999999997
33,2019-10-01 14:15:00,7.3623
34,2019-10-01 14:30:00,6.8431999999999995
35,2019-10-01 14:45:00,6.572900000000001
36,2019-10-01 15:00:00,7.2124
37,2019-10-01 15:15:00,6.212900000000001
38,2019-10-01 15:30:00,5.849000000000001
39,2019-10-01 15:45:00,5.2893
40,2019-10-01 16:00:00,3.2042999999999995
41,2019-10-01 16:15:00,2.514499999999999
42,2019-10-01 16:30:00,1.7574999999999992
43,2019-10-01 16:45:00,0.8851
44,2019-10-01 17:00:00,1.2271
45,2019-10-01 17:15:00,1.1431
46,2019-10-01 17:30:00,0.4728
47,2019-10-01 17:45:00,0.2321
48,2019-10-01 18:00:00,0.0
49,2019-10-01 18:15:00,0.0
50,2019-10-01 18:30:00,0.0
51,2019-10-01 18:45:00,0.0
96,2019-10-02 06:00:00,0.0015
97,2019-10-02 06:15:00,0.0015
98,2019-10-02 06:30:00,0.08630000000000004
99,2019-10-02 06:45:00,0.27460000000000007
100,2019-10-02 07:00:00,0.7394999999999997
101,2019-10-02 07:15:00,0.8638999999999997
102,2019-10-02 07:30:00,1.8043
103,2019-10-02 07:45:00,2.5079
104,2019-10-02 08:00:00,3.7680999999999982
105,2019-10-02 08:15:00,4.3701
106,2019-10-02 08:30:00,4.8675999999999995
107,2019-10-02 08:45:00,6.220999999999999
108,2019-10-02 09:00:00,5.246799999999999
109,2019-10-02 09:15:00,6.035400000000001
110,2019-10-02 09:30:00,6.183699999999999
111,2019-10-02 09:45:00,6.373499999999998
112,2019-10-02 10:00:00,4.657900000000001
113,2019-10-02 10:15:00,5.3568
114,2019-10-02 10:30:00,5.2897
115,2019-10-02 10:45:00,5.2639999999999985
116,2019-10-02 11:00:00,8.3034
117,2019-10-02 11:15:00,8.3658
118,2019-10-02 11:30:00,8.269300000000003
119,2019-10-02 11:45:00,7.9088
120,2019-10-02 12:00:00,7.250400000000004
121,2019-10-02 12:15:00,7.357900000000004
122,2019-10-02 12:30:00,7.494700000000005
123,2019-10-02 12:45:00,7.4918000000000005
124,2019-10-02 13:00:00,11.759700000000002
125,2019-10-02 13:15:00,11.0822
126,2019-10-02 13:30:00,11.051900000000007
127,2019-10-02 13:45:00,9.338400000000002
128,2019-10-02 14:00:00,9.770499999999998
129,2019-10-02 14:15:00,9.5636
130,2019-10-02 14:30:00,9.173300000000001
131,2019-10-02 14:45:00,8.2003
132,2019-10-02 15:00:00,7.025100000000001
133,2019-10-02 15:15:00,6.419999999999999
134,2019-10-02 15:30:00,5.7924
135,2019-10-02 15:45:00,5.6321
136,2019-10-02 16:00:00,4.579600000000002
137,2019-10-02 16:15:00,4.0791
138,2019-10-02 16:30:00,3.1956000000000007
139,2019-10-02 16:45:00,1.7394999999999994
140,2019-10-02 17:00:00,2.1807999999999996
141,2019-10-02 17:15:00,1.6888999999999998
142,2019-10-02 17:30:00,0.9038999999999998
143,2019-10-02 17:45:00,0.38099999999999995
144,2019-10-02 18:00:00,0.0
145,2019-10-02 18:15:00,0.0
146,2019-10-02 18:30:00,0.0
147,2019-10-02 18:45:00,0.0
192,2019-10-03 06:00:00,0.0
193,2019-10-03 06:15:00,0.0
194,2019-10-03 06:30:00,0.08560000000000002
195,2019-10-03 06:45:00,0.22949999999999998
196,2019-10-03 07:00:00,0.8312
197,2019-10-03 07:15:00,1.0190000000000001
198,2019-10-03 07:30:00,1.6136000000000004
199,2019-10-03 07:45:00,2.5096999999999996
200,2019-10-03 08:00:00,3.5121999999999995
201,2019-10-03 08:15:00,4.300999999999998
202,2019-10-03 08:30:00,4.761099999999998
203,2019-10-03 08:45:00,5.871000000000001
204,2019-10-03 09:00:00,3.1197
205,2019-10-03 09:15:00,4.017299999999999
206,2019-10-03 09:30:00,4.300799999999999
207,2019-10-03 09:45:00,4.729499999999999
208,2019-10-03 10:00:00,6.772300000000001
209,2019-10-03 10:15:00,6.823899999999997
210,2019-10-03 10:30:00,6.733999999999998
211,2019-10-03 10:45:00,6.9319999999999995
212,2019-10-03 11:00:00,7.5467
213,2019-10-03 11:15:00,7.330300000000003
214,2019-10-03 11:30:00,7.166399999999998
215,2019-10-03 11:45:00,7.303299999999999
216,2019-10-03 12:00:00,6.117600000000003
217,2019-10-03 12:15:00,6.1171000000000015
218,2019-10-03 12:30:00,6.211899999999999
219,2019-10-03 12:45:00,6.230999999999999
220,2019-10-03 13:00:00,11.1522
221,2019-10-03 13:15:00,10.746700000000002
222,2019-10-03 13:30:00,10.232700000000001
223,2019-10-03 13:45:00,9.242400000000002
224,2019-10-03 14:00:00,9.202099999999996
225,2019-10-03 14:15:00,9.032699999999998
226,2019-10-03 14:30:00,8.2326
227,2019-10-03 14:45:00,8.351700000000001
228,2019-10-03 15:00:00,7.269100000000002
229,2019-10-03 15:15:00,6.885700000000001
230,2019-10-03 15:30:00,6.4445
231,2019-10-03 15:45:00,5.8882
232,2019-10-03 16:00:00,3.8382000000000023
233,2019-10-03 16:15:00,3.597800000000001
234,2019-10-03 16:30:00,3.121699999999999
235,2019-10-03 16:45:00,1.7276999999999993
236,2019-10-03 17:00:00,0.28800000000000003
237,2019-10-03 17:15:00,0.1389
238,2019-10-03 17:30:00,0.026799999999999997
239,2019-10-03 17:45:00,0.008700000000000005
240,2019-10-03 18:00:00,0.0
241,2019-10-03 18:15:00,0.0
242,2019-10-03 18:30:00,0.0
243,2019-10-03 18:45:00,0.0
288,2019-10-04 06:00:00,0.0
289,2019-10-04 06:15:00,0.0
290,2019-10-04 06:30:00,0.08180000000000004
291,2019-10-04 06:45:00,0.27180000000000015
292,2019-10-04 07:00:00,0.8094999999999999
293,2019-10-04 07:15:00,1.0613
294,2019-10-04 07:30:00,1.7123000000000008
295,2019-10-04 07:45:00,2.0966
296,2019-10-04 08:00:00,3.3324000000000003
297,2019-10-04 08:15:00,4.3576999999999995
298,2019-10-04 08:30:00,5.0347
299,2019-10-04 08:45:00,5.803500000000001
300,2019-10-04 09:00:00,26.41150000000001
301,2019-10-04 09:15:00,26.294900000000002
302,2019-10-04 09:30:00,26.357000000000003
303,2019-10-04 09:45:00,26.834200000000006
304,2019-10-04 10:00:00,7.115100000000001
305,2019-10-04 10:15:00,6.412799999999999
306,2019-10-04 10:30:00,6.1654
307,2019-10-04 10:45:00,6.280099999999999
308,2019-10-04 11:00:00,27.659899999999997
309,2019-10-04 11:15:00,27.816899999999997
310,2019-10-04 11:30:00,28.11109999999998
311,2019-10-04 11:45:00,27.451900000000002
312,2019-10-04 12:00:00,10.680600000000002
313,2019-10-04 12:15:00,10.8006
314,2019-10-04 12:30:00,10.669799999999995
315,2019-10-04 12:45:00,11.190899999999997
316,2019-10-04 13:00:00,9.085500000000001
317,2019-10-04 13:15:00,9.113499999999998
318,2019-10-04 13:30:00,8.8172
319,2019-10-04 13:45:00,8.5473
320,2019-10-04 14:00:00,9.932999999999995
321,2019-10-04 14:15:00,9.857199999999995
322,2019-10-04 14:30:00,9.395499999999995
323,2019-10-04 14:45:00,9.023700000000003
324,2019-10-04 15:00:00,6.730400000000002
325,2019-10-04 15:15:00,6.5651
326,2019-10-04 15:30:00,6.022000000000005
327,2019-10-04 15:45:00,5.047100000000003
328,2019-10-04 16:00:00,4.8809000000000005
329,2019-10-04 16:15:00,4.253899999999999
330,2019-10-04 16:30:00,3.2972000000000015
331,2019-10-04 16:45:00,1.7068999999999988
332,2019-10-04 17:00:00,0.2694999999999999
333,2019-10-04 17:15:00,0.11800000000000001
334,2019-10-04 17:30:00,0.019100000000000002
335,2019-10-04 17:45:00,0.007700000000000002
336,2019-10-04 18:00:00,0.0
337,2019-10-04 18:15:00,0.0
338,2019-10-04 18:30:00,0.0
339,2019-10-04 18:45:00,0.0
384,2019-10-05 06:00:00,0.013500000000000002
385,2019-10-05 06:15:00,0.0327
386,2019-10-05 06:30:00,0.15179999999999996
387,2019-10-05 06:45:00,0.47130000000000033
388,2019-10-05 07:00:00,0.9845999999999993
389,2019-10-05 07:15:00,1.3487999999999993
390,2019-10-05 07:30:00,2.101
391,2019-10-05 07:45:00,3.2049999999999983
392,2019-10-05 08:00:00,4.2291
393,2019-10-05 08:15:00,4.7738000000000005
394,2019-10-05 08:30:00,5.397300000000001
395,2019-10-05 08:45:00,6.2528999999999995
396,2019-10-05 09:00:00,7.843100000000004
397,2019-10-05 09:15:00,7.5114
398,2019-10-05 09:30:00,8.635300000000003
399,2019-10-05 09:45:00,8.810100000000002
400,2019-10-05 10:00:00,8.301400000000003
401,2019-10-05 10:15:00,8.3908
402,2019-10-05 10:30:00,8.353000000000003
403,2019-10-05 10:45:00,8.485600000000003
404,2019-10-05 11:00:00,6.588299999999999
405,2019-10-05 11:15:00,6.883099999999998
406,2019-10-05 11:30:00,7.078499999999999
407,2019-10-05 11:45:00,7.3098
408,2019-10-05 12:00:00,6.809699999999999
409,2019-10-05 12:15:00,7.1007
410,2019-10-05 12:30:00,6.9828
411,2019-10-05 12:45:00,7.014000000000001
412,2019-10-05 13:00:00,8.212600000000002
413,2019-10-05 13:15:00,8.4313
414,2019-10-05 13:30:00,8.327500000000004
415,2019-10-05 13:45:00,8.135300000000003
416,2019-10-05 14:00:00,7.574800000000003
417,2019-10-05 14:15:00,6.601800000000005
418,2019-10-05 14:30:00,6.125299999999998
419,2019-10-05 14:45:00,5.929199999999998
420,2019-10-05 15:00:00,6.318600000000001
421,2019-10-05 15:15:00,5.812500000000001
422,2019-10-05 15:30:00,5.8612
423,2019-10-05 15:45:00,5.324200000000001
424,2019-10-05 16:00:00,4.6259
425,2019-10-05 16:15:00,4.543400000000001
426,2019-10-05 16:30:00,3.1576
427,2019-10-05 16:45:00,1.9224999999999994
428,2019-10-05 17:00:00,0.2646
429,2019-10-05 17:15:00,0.1324
430,2019-10-05 17:30:00,0.06540000000000001
431,2019-10-05 17:45:00,0.02859999999999998
432,2019-10-05 18:00:00,0.0
433,2019-10-05 18:15:00,0.0
434,2019-10-05 18:30:00,0.0
435,2019-10-05 18:45:00,0.0
480,2019-10-06 06:00:00,0.0026
481,2019-10-06 06:15:00,0.0026
482,2019-10-06 06:30:00,0.09610000000000003
483,2019-10-06 06:45:00,0.29149999999999987
484,2019-10-06 07:00:00,0.6109000000000001
485,2019-10-06 07:15:00,1.1155000000000004
486,2019-10-06 07:30:00,1.5724000000000005
487,2019-10-06 07:45:00,1.9978999999999985
488,2019-10-06 08:00:00,3.212899999999999
489,2019-10-06 08:15:00,3.631800000000001
490,2019-10-06 08:30:00,3.9448000000000008
491,2019-10-06 08:45:00,4.213500000000001
492,2019-10-06 09:00:00,6.772799999999998
493,2019-10-06 09:15:00,8.028599999999994
494,2019-10-06 09:30:00,8.557299999999996
495,2019-10-06 09:45:00,9.229899999999997
496,2019-10-06 10:00:00,10.019600000000004
497,2019-10-06 10:15:00,9.475300000000006
498,2019-10-06 10:30:00,10.681800000000008
499,2019-10-06 10:45:00,10.736500000000003
500,2019-10-06 11:00:00,7.721200000000001
501,2019-10-06 11:15:00,8.202700000000002
502,2019-10-06 11:30:00,8.321
503,2019-10-06 11:45:00,8.527800000000001
504,2019-10-06 12:00:00,7.6811
505,2019-10-06 12:15:00,8.093500000000002
506,2019-10-06 12:30:00,8.211899999999998
507,2019-10-06 12:45:00,8.168899999999999
508,2019-10-06 13:00:00,8.1426
509,2019-10-06 13:15:00,8.339900000000004
510,2019-10-06 13:30:00,9.0535
511,2019-10-06 13:45:00,8.584199999999996
512,2019-10-06 14:00:00,9.086
513,2019-10-06 14:15:00,8.754700000000001
514,2019-10-06 14:30:00,8.675699999999997
515,2019-10-06 14:45:00,8.526899999999998
516,2019-10-06 15:00:00,6.600600000000003
517,2019-10-06 15:15:00,5.998100000000002
518,2019-10-06 15:30:00,5.9293
519,2019-10-06 15:45:00,5.007700000000002
520,2019-10-06 16:00:00,4.3036
521,2019-10-06 16:15:00,3.675600000000001
522,2019-10-06 16:30:00,2.9979
523,2019-10-06 16:45:00,1.7194999999999994
524,2019-10-06 17:00:00,0.39409999999999984
525,2019-10-06 17:15:00,0.09250000000000001
526,2019-10-06 17:30:00,0.044300000000000006
527,2019-10-06 17:45:00,0.018700000000000005
528,2019-10-06 18:00:00,0.0
529,2019-10-06 18:15:00,0.0
530,2019-10-06 18:30:00,0.0
531,2019-10-06 18:45:00,0.0
576,2019-10-07 06:00:00,0.0018
577,2019-10-07 06:15:00,0.0032
578,2019-10-07 06:30:00,0.08020000000000004
579,2019-10-07 06:45:00,0.36179999999999984
580,2019-10-07 07:00:00,0.6576000000000001
581,2019-10-07 07:15:00,0.9689999999999998
582,2019-10-07 07:30:00,1.6371000000000007
583,2019-10-07 07:45:00,1.6903000000000012
584,2019-10-07 08:00:00,3.043799999999999
585,2019-10-07 08:15:00,3.5447000000000006
586,2019-10-07 08:30:00,3.8657
587,2019-10-07 08:45:00,3.7398000000000007
588,2019-10-07 09:00:00,6.132199999999999
589,2019-10-07 09:15:00,6.7457
590,2019-10-07 09:30:00,7.625699999999999
591,2019-10-07 09:45:00,8.320400000000001
592,2019-10-07 10:00:00,7.7978000000000005
593,2019-10-07 10:15:00,6.7953
594,2019-10-07 10:30:00,7.7440999999999995
595,2019-10-07 10:45:00,7.815300000000002
596,2019-10-07 11:00:00,8.294799999999999
597,2019-10-07 11:15:00,8.0587
598,2019-10-07 11:30:00,8.533900000000003
599,2019-10-07 11:45:00,8.012
600,2019-10-07 12:00:00,7.7411
601,2019-10-07 12:15:00,7.7412
602,2019-10-07 12:30:00,7.936100000000002
603,2019-10-07 12:45:00,7.7876
604,2019-10-07 13:00:00,7.974000000000001
605,2019-10-07 13:15:00,7.893500000000001
606,2019-10-07 13:30:00,7.970900000000003
607,2019-10-07 13:45:00,7.764400000000004
608,2019-10-07 14:00:00,6.999500000000001
609,2019-10-07 14:15:00,6.693200000000003
610,2019-10-07 14:30:00,6.311300000000004
611,2019-10-07 14:45:00,6.467300000000003
612,2019-10-07 15:00:00,4.988400000000001
613,2019-10-07 15:15:00,4.643699999999999
614,2019-10-07 15:30:00,4.493899999999997
615,2019-10-07 15:45:00,3.753099999999999
616,2019-10-07 16:00:00,3.1512999999999987
617,2019-10-07 16:15:00,2.741900000000001
618,2019-10-07 16:30:00,1.2566000000000002
619,2019-10-07 16:45:00,0.9303
620,2019-10-07 17:00:00,0.2773000000000001
621,2019-10-07 17:15:00,0.11690000000000003
622,2019-10-07 17:30:00,0.05250000000000002
623,2019-10-07 17:45:00,0.016900000000000005
624,2019-10-07 18:00:00,0.0
625,2019-10-07 18:15:00,0.0
626,2019-10-07 18:30:00,0.0
627,2019-10-07 18:45:00,0.0
672,2019-10-08 06:00:00,0.0
673,2019-10-08 06:15:00,0.0
674,2019-10-08 06:30:00,0.026899999999999993
675,2019-10-08 06:45:00,0.35559999999999997
676,2019-10-08 07:00:00,0.6494
677,2019-10-08 07:15:00,1.1935999999999998
678,2019-10-08 07:30:00,2.324200000000002
679,2019-10-08 07:45:00,3.2877000000000005
680,2019-10-08 08:00:00,4.0908
681,2019-10-08 08:15:00,4.771099999999999
682,2019-10-08 08:30:00,5.2018
683,2019-10-08 08:45:00,5.4971
684,2019-10-08 09:00:00,6.478199999999999
685,2019-10-08 09:15:00,6.196200000000001
686,2019-10-08 09:30:00,7.925400000000001
687,2019-10-08 09:45:00,8.446299999999997
688,2019-10-08 10:00:00,11.445000000000004
689,2019-10-08 10:15:00,11.160400000000005
690,2019-10-08 10:30:00,12.0304
691,2019-10-08 10:45:00,11.997099999999996
692,2019-10-08 11:00:00,5.897600000000001
693,2019-10-08 11:15:00,6.041
694,2019-10-08 11:30:00,6.351700000000002
695,2019-10-08 11:45:00,6.565300000000003
696,2019-10-08 12:00:00,6.3530999999999995
697,2019-10-08 12:15:00,6.5131
698,2019-10-08 12:30:00,6.862000000000002
699,2019-10-08 12:45:00,6.311600000000001
700,2019-10-08 13:00:00,6.106900000000001
701,2019-10-08 13:15:00,6.262199999999999
702,2019-10-08 13:30:00,6.6495000000000015
703,2019-10-08 13:45:00,5.649500000000001
704,2019-10-08 14:00:00,6.760799999999998
705,2019-10-08 14:15:00,7.129599999999998
706,2019-10-08 14:30:00,7.100000000000001
707,2019-10-08 14:45:00,6.980699999999997
708,2019-10-08 15:00:00,7.763200000000003
709,2019-10-08 15:15:00,7.362199999999998
710,2019-10-08 15:30:00,6.388299999999999
711,2019-10-08 15:45:00,5.374400000000001
712,2019-10-08 16:00:00,5.3729000000000005
713,2019-10-08 16:15:00,4.400200000000002
714,2019-10-08 16:30:00,2.850199999999999
715,2019-10-08 16:45:00,1.784299999999999
716,2019-10-08 17:00:00,0.35809999999999986
717,2019-10-08 17:15:00,0.0822
718,2019-10-08 17:30:00,0.0341
719,2019-10-08 17:45:00,0.008200000000000002
720,2019-10-08 18:00:00,0.0
721,2019-10-08 18:15:00,0.0
722,2019-10-08 18:30:00,0.0
723,2019-10-08 18:45:00,0.0
768,2019-10-09 06:00:00,0.0015
769,2019-10-09 06:15:00,0.0015
770,2019-10-09 06:30:00,0.03769999999999999
771,2019-10-09 06:45:00,0.3625
772,2019-10-09 07:00:00,0.9578999999999996
773,2019-10-09 07:15:00,1.3431999999999997
774,2019-10-09 07:30:00,2.4305000000000003
775,2019-10-09 07:45:00,3.371699999999998
776,2019-10-09 08:00:00,4.3286
777,2019-10-09 08:15:00,5.4632
778,2019-10-09 08:30:00,6.112900000000003
779,2019-10-09 08:45:00,6.5263
780,2019-10-09 09:00:00,8.622800000000002
781,2019-10-09 09:15:00,8.316000000000004
782,2019-10-09 09:30:00,9.797600000000006
783,2019-10-09 09:45:00,10.2513
784,2019-10-09 10:00:00,10.610199999999999
785,2019-10-09 10:15:00,10.214300000000001
786,2019-10-09 10:30:00,11.442300000000005
787,2019-10-09 10:45:00,11.211500000000001
788,2019-10-09 11:00:00,11.394900000000002
789,2019-10-09 11:15:00,11.557300000000003
790,2019-10-09 11:30:00,11.356000000000005
791,2019-10-09 11:45:00,11.1346
792,2019-10-09 12:00:00,10.729099999999999
793,2019-10-09 12:15:00,10.450200000000002
794,2019-10-09 12:30:00,10.266499999999999
795,2019-10-09 12:45:00,9.737499999999999
796,2019-10-09 13:00:00,13.111999999999998
797,2019-10-09 13:15:00,12.731499999999999
798,2019-10-09 13:30:00,12.4291
799,2019-10-09 13:45:00,9.561
800,2019-10-09 14:00:00,10.688600000000001
801,2019-10-09 14:15:00,10.4915
802,2019-10-09 14:30:00,9.986699999999999
803,2019-10-09 14:45:00,8.905300000000002
804,2019-10-09 15:00:00,8.2087
805,2019-10-09 15:15:00,7.718400000000002
806,2019-10-09 15:30:00,6.777199999999998
807,2019-10-09 15:45:00,5.9311000000000025
808,2019-10-09 16:00:00,5.399000000000002
809,2019-10-09 16:15:00,4.378000000000004
810,2019-10-09 16:30:00,3.1460999999999997
811,2019-10-09 16:45:00,1.842899999999999
812,2019-10-09 17:00:00,0.4409000000000001
813,2019-10-09 17:15:00,0.1565
814,2019-10-09 17:30:00,0.027500000000000004
815,2019-10-09 17:45:00,0.006300000000000001
816,2019-10-09 18:00:00,0.0
817,2019-10-09 18:15:00,0.0
818,2019-10-09 18:30:00,0.0
819,2019-10-09 18:45:00,0.0
864,2019-10-10 06:00:00,0.0034
865,2019-10-10 06:15:00,0.0027
866,2019-10-10 06:30:00,0.04950000000000001
867,2019-10-10 06:45:00,0.387
868,2019-10-10 07:00:00,0.6969999999999998
869,2019-10-10 07:15:00,1.3349999999999997
870,2019-10-10 07:30:00,2.5458999999999996
871,2019-10-10 07:45:00,3.6140000000000003
872,2019-10-10 08:00:00,4.572200000000001
873,2019-10-10 08:15:00,4.488600000000002
874,2019-10-10 08:30:00,4.981300000000001
875,2019-10-10 08:45:00,5.885099999999998
876,2019-10-10 09:00:00,8.632499999999999
877,2019-10-10 09:15:00,8.8376
878,2019-10-10 09:30:00,9.858600000000004
879,2019-10-10 09:45:00,10.103800000000005
880,2019-10-10 10:00:00,7.661400000000003
881,2019-10-10 10:15:00,7.4647000000000014
882,2019-10-10 10:30:00,8.365099999999995
883,2019-10-10 10:45:00,7.323699999999999
884,2019-10-10 11:00:00,9.477100000000002
885,2019-10-10 11:15:00,9.513
886,2019-10-10 11:30:00,9.6377
887,2019-10-10 11:45:00,8.929199999999998
888,2019-10-10 12:00:00,8.0186
889,2019-10-10 12:15:00,8.135100000000001
890,2019-10-10 12:30:00,7.8477999999999986
891,2019-10-10 12:45:00,7.753799999999999
892,2019-10-10 13:00:00,9.306400000000002
893,2019-10-10 13:15:00,9.307700000000002
894,2019-10-10 13:30:00,8.507100000000003
895,2019-10-10 13:45:00,6.749500000000003
896,2019-10-10 14:00:00,7.6654
897,2019-10-10 14:15:00,7.794300000000004
898,2019-10-10 14:30:00,7.2134
899,2019-10-10 14:45:00,6.764800000000001
900,2019-10-10 15:00:00,6.005400000000002
901,2019-10-10 15:15:00,5.864600000000003
902,2019-10-10 15:30:00,5.197300000000001
903,2019-10-10 15:45:00,4.2997000000000005
904,2019-10-10 16:00:00,5.051500000000003
905,2019-10-10 16:15:00,4.055200000000003
906,2019-10-10 16:30:00,2.9323999999999995
907,2019-10-10 16:45:00,1.7601999999999987
908,2019-10-10 17:00:00,0.35669999999999985
909,2019-10-10 17:15:00,0.1930999999999999
910,2019-10-10 17:30:00,0.06150000000000002
911,2019-10-10 17:45:00,0.0269
912,2019-10-10 18:00:00,0.0
913,2019-10-10 18:15:00,0.0
914,2019-10-10 18:30:00,0.0
915,2019-10-10 18:45:00,0.0
960,2019-10-11 06:00:00,0.0
961,2019-10-11 06:15:00,0.0
962,2019-10-11 06:30:00,0.031599999999999996
963,2019-10-11 06:45:00,0.29519999999999996
964,2019-10-11 07:00:00,0.332
965,2019-10-11 07:15:00,0.8404
966,2019-10-11 07:30:00,2.159200000000002
967,2019-10-11 07:45:00,2.8682999999999996
968,2019-10-11 08:00:00,4.458100000000003
969,2019-10-11 08:15:00,5.0441
970,2019-10-11 08:30:00,5.5712
971,2019-10-11 08:45:00,6.381999999999998
972,2019-10-11 09:00:00,5.8962
973,2019-10-11 09:15:00,5.7368000000000015
974,2019-10-11 09:30:00,6.9129000000000005
975,2019-10-11 09:45:00,7.096700000000001
976,2019-10-11 10:00:00,7.835400000000001
977,2019-10-11 10:15:00,7.389099999999998
978,2019-10-11 10:30:00,8.796599999999994
979,2019-10-11 10:45:00,8.268299999999996
980,2019-10-11 11:00:00,8.6173
981,2019-10-11 11:15:00,8.7953
982,2019-10-11 11:30:00,9.220599999999997
983,2019-10-11 11:45:00,9.319499999999996
984,2019-10-11 12:00:00,10.488900000000001
985,2019-10-11 12:15:00,10.6589
986,2019-10-11 12:30:00,10.996599999999999
987,2019-10-11 12:45:00,10.8947
988,2019-10-11 13:00:00,10.578100000000001
989,2019-10-11 13:15:00,10.259099999999997
990,2019-10-11 13:30:00,10.213
991,2019-10-11 13:45:00,8.995899999999999
992,2019-10-11 14:00:00,11.097099999999998
993,2019-10-11 14:15:00,10.917999999999997
994,2019-10-11 14:30:00,10.495999999999995
995,2019-10-11 14:45:00,8.953699999999996
996,2019-10-11 15:00:00,7.260800000000005
997,2019-10-11 15:15:00,7.079300000000005
998,2019-10-11 15:30:00,6.543400000000006
999,2019-10-11 15:45:00,5.699700000000006
1000,2019-10-11 16:00:00,4.8121
1001,2019-10-11 16:15:00,4.2626
1002,2019-10-11 16:30:00,3.1028000000000002
1003,2019-10-11 16:45:00,1.564399999999999
1004,2019-10-11 17:00:00,0.3905999999999999
1005,2019-10-11 17:15:00,0.11719999999999998
1006,2019-10-11 17:30:00,0.030800000000000008
1007,2019-10-11 17:45:00,0.008900000000000002
1008,2019-10-11 18:00:00,0.0
1009,2019-10-11 18:15:00,0.0
1010,2019-10-11 18:30:00,0.0
1011,2019-10-11 18:45:00,0.0
1056,2019-10-12 06:00:00,0.0018
1057,2019-10-12 06:15:00,0.0018
1058,2019-10-12 06:30:00,0.035999999999999976
1059,2019-10-12 06:45:00,0.35289999999999994
1060,2019-10-12 07:00:00,0.8892000000000004
1061,2019-10-12 07:15:00,1.059
1062,2019-10-12 07:30:00,2.2387000000000006
1063,2019-10-12 07:45:00,2.989399999999998
1064,2019-10-12 08:00:00,3.6354
1065,2019-10-12 08:15:00,4.713399999999998
1066,2019-10-12 08:30:00,5.447
1067,2019-10-12 08:45:00,5.998199999999998
1068,2019-10-12 09:00:00,4.9202
1069,2019-10-12 09:15:00,5.231500000000002
1070,2019-10-12 09:30:00,6.420300000000002
1071,2019-10-12 09:45:00,6.4196
1072,2019-10-12 10:00:00,10.714200000000003
1073,2019-10-12 10:15:00,10.803099999999999
1074,2019-10-12 10:30:00,11.378800000000004
1075,2019-10-12 10:45:00,11.5555
1076,2019-10-12 11:00:00,10.6735
1077,2019-10-12 11:15:00,10.8504
1078,2019-10-12 11:30:00,10.8522
1079,2019-10-12 11:45:00,11.0232
1080,2019-10-12 12:00:00,11.881700000000006
1081,2019-10-12 12:15:00,11.853900000000003
1082,2019-10-12 12:30:00,11.880100000000004
1083,2019-10-12 12:45:00,11.906700000000006
1084,2019-10-12 13:00:00,12.026599999999997
1085,2019-10-12 13:15:00,12.0166
1086,2019-10-12 13:30:00,11.7706
1087,2019-10-12 13:45:00,10.238699999999996
1088,2019-10-12 14:00:00,10.474399999999997
1089,2019-10-12 14:15:00,10.422100000000002
1090,2019-10-12 14:30:00,10.023099999999998
1091,2019-10-12 14:45:00,8.740899999999998
1092,2019-10-12 15:00:00,6.867999999999998
1093,2019-10-12 15:15:00,6.5222000000000016
1094,2019-10-12 15:30:00,5.991399999999998
1095,2019-10-12 15:45:00,5.377700000000002
1096,2019-10-12 16:00:00,5.020700000000002
1097,2019-10-12 16:15:00,4.614200000000001
1098,2019-10-12 16:30:00,3.1722999999999995
1099,2019-10-12 16:45:00,1.7810999999999995
1100,2019-10-12 17:00:00,0.36669999999999986
1101,2019-10-12 17:15:00,0.09140000000000001
1102,2019-10-12 17:30:00,0.0331
1103,2019-10-12 17:45:00,0.007200000000000003
1104,2019-10-12 18:00:00,0.0
1105,2019-10-12 18:15:00,0.0
1106,2019-10-12 18:30:00,0.0
1107,2019-10-12 18:45:00,0.0
1152,2019-10-13 06:00:00,0.0012
1153,2019-10-13 06:15:00,0.0013
1154,2019-10-13 06:30:00,0.12639999999999996
1155,2019-10-13 06:45:00,0.46750000000000036
1156,2019-10-13 07:00:00,1.0393999999999997
1157,2019-10-13 07:15:00,1.5041999999999995
1158,2019-10-13 07:30:00,2.5305000000000004
1159,2019-10-13 07:45:00,3.461099999999999
1160,2019-10-13 08:00:00,3.8588999999999993
1161,2019-10-13 08:15:00,4.957400000000001
1162,2019-10-13 08:30:00,5.7609
1163,2019-10-13 08:45:00,6.272299999999998
1164,2019-10-13 09:00:00,8.7391
1165,2019-10-13 09:15:00,8.413
1166,2019-10-13 09:30:00,10.39180000000001
1167,2019-10-13 09:45:00,10.875500000000002
1168,2019-10-13 10:00:00,7.189700000000001
1169,2019-10-13 10:15:00,7.1348
1170,2019-10-13 10:30:00,7.217899999999999
1171,2019-10-13 10:45:00,7.471799999999999
1172,2019-10-13 11:00:00,8.973299999999998
1173,2019-10-13 11:15:00,9.258499999999996
1174,2019-10-13 11:30:00,9.315599999999996
1175,2019-10-13 11:45:00,9.290599999999996
1176,2019-10-13 12:00:00,9.597600000000003
1177,2019-10-13 12:15:00,9.549100000000005
1178,2019-10-13 12:30:00,9.294900000000002
1179,2019-10-13 12:45:00,8.723800000000004
1180,2019-10-13 13:00:00,12.7427
1181,2019-10-13 13:15:00,12.550200000000004
1182,2019-10-13 13:30:00,12.369200000000001
1183,2019-10-13 13:45:00,9.746800000000002
1184,2019-10-13 14:00:00,10.6966
1185,2019-10-13 14:15:00,10.042300000000004
1186,2019-10-13 14:30:00,8.8055
1187,2019-10-13 14:45:00,8.0959
1188,2019-10-13 15:00:00,7.768600000000003
1189,2019-10-13 15:15:00,7.305400000000003
1190,2019-10-13 15:30:00,6.721899999999997
1191,2019-10-13 15:45:00,6.031400000000002
1192,2019-10-13 16:00:00,5.379100000000002
1193,2019-10-13 16:15:00,4.8507
1194,2019-10-13 16:30:00,3.402199999999998
1195,2019-10-13 16:45:00,1.6190999999999998
1196,2019-10-13 17:00:00,0.29489999999999994
1197,2019-10-13 17:15:00,0.06179999999999999
1198,2019-10-13 17:30:00,0.036500000000000005
1199,2019-10-13 17:45:00,0.008900000000000002
1200,2019-10-13 18:00:00,0.0
1201,2019-10-13 18:15:00,0.0
1202,2019-10-13 18:30:00,0.0
1203,2019-10-13 18:45:00,0.0
1248,2019-10-14 06:00:00,0.0016
1249,2019-10-14 06:15:00,0.0017
1250,2019-10-14 06:30:00,0.08840000000000005
1251,2019-10-14 06:45:00,0.32819999999999994
1252,2019-10-14 07:00:00,0.8429000000000001
1253,2019-10-14 07:15:00,1.1320999999999999
1254,2019-10-14 07:30:00,1.640900000000001
1255,2019-10-14 07:45:00,2.4639
1256,2019-10-14 08:00:00,3.7447999999999992
1257,2019-10-14 08:15:00,4.580099999999999
1258,2019-10-14 08:30:00,5.0297
1259,2019-10-14 08:45:00,5.2383000000000015
1260,2019-10-14 09:00:00,5.858299999999998
1261,2019-10-14 09:15:00,7.345599999999998
1262,2019-10-14 09:30:00,8.466400000000002
1263,2019-10-14 09:45:00,9.167900000000003
1264,2019-10-14 10:00:00,10.066600000000006
1265,2019-10-14 10:15:00,9.033200000000006
1266,2019-10-14 10:30:00,11.566100000000004
1267,2019-10-14 10:45:00,11.636300000000006
1268,2019-10-14 11:00:00,11.294300000000003
1269,2019-10-14 11:15:00,11.109399999999999
1270,2019-10-14 11:30:00,11.6273
1271,2019-10-14 11:45:00,11.459200000000001
1272,2019-10-14 12:00:00,13.142100000000005
1273,2019-10-14 12:15:00,13.158400000000006
1274,2019-10-14 12:30:00,13.039900000000003
1275,2019-10-14 12:45:00,13.129699999999998
1276,2019-10-14 13:00:00,12.084000000000001
1277,2019-10-14 13:15:00,12.0026
1278,2019-10-14 13:30:00,11.553899999999997
1279,2019-10-14 13:45:00,10.4026
1280,2019-10-14 14:00:00,11.5033
1281,2019-10-14 14:15:00,11.3048
1282,2019-10-14 14:30:00,11.173299999999998
1283,2019-10-14 14:45:00,9.773700000000002
1284,2019-10-14 15:00:00,8.649999999999999
1285,2019-10-14 15:15:00,7.8732999999999995
1286,2019-10-14 15:30:00,7.277499999999996
1287,2019-10-14 15:45:00,6.338200000000004
1288,2019-10-14 16:00:00,5.1486000000000045
1289,2019-10-14 16:15:00,4.708500000000003
1290,2019-10-14 16:30:00,3.177399999999999
1291,2019-10-14 16:45:00,1.6907999999999996
1292,2019-10-14 17:00:00,0.3521
1293,2019-10-14 17:15:00,0.17489999999999994
1294,2019-10-14 17:30:00,0.02650000000000001
1295,2019-10-14 17:45:00,0.0019000000000000006
1296,2019-10-14 18:00:00,0.0
1297,2019-10-14 18:15:00,0.0
1298,2019-10-14 18:30:00,0.0
1299,2019-10-14 18:45:00,0.0
1344,2019-10-15 06:00:00,0.006900000000000001
1345,2019-10-15 06:15:00,0.0097
1346,2019-10-15 06:30:00,0.12049999999999995
1347,2019-10-15 06:45:00,0.3845000000000001
1348,2019-10-15 07:00:00,1.0113999999999996
1349,2019-10-15 07:15:00,1.4715999999999996
1350,2019-10-15 07:30:00,2.3688000000000016
1351,2019-10-15 07:45:00,3.5451999999999995
1352,2019-10-15 08:00:00,3.8274
1353,2019-10-15 08:15:00,4.977999999999998
1354,2019-10-15 08:30:00,5.755700000000003
1355,2019-10-15 08:45:00,6.152699999999999
1356,2019-10-15 09:00:00,9.035699999999999
1357,2019-10-15 09:15:00,9.017600000000005
1358,2019-10-15 09:30:00,10.814700000000007
1359,2019-10-15 09:45:00,11.251100000000003
1360,2019-10-15 10:00:00,11.217100000000006
1361,2019-10-15 10:15:00,10.870000000000005
1362,2019-10-15 10:30:00,12.081800000000005
1363,2019-10-15 10:45:00,12.1304
1364,2019-10-15 11:00:00,11.356699999999998
1365,2019-10-15 11:15:00,11.1472
1366,2019-10-15 11:30:00,11.266899999999998
1367,2019-10-15 11:45:00,11.667099999999998
1368,2019-10-15 12:00:00,12.803300000000002
1369,2019-10-15 12:15:00,12.832099999999995
1370,2019-10-15 12:30:00,12.772600000000004
1371,2019-10-15 12:45:00,12.602300000000003
1372,2019-10-15 13:00:00,12.045300000000003
1373,2019-10-15 13:15:00,11.901100000000001
1374,2019-10-15 13:30:00,11.690699999999998
1375,2019-10-15 13:45:00,9.667199999999994
1376,2019-10-15 14:00:00,10.737499999999997
1377,2019-10-15 14:15:00,10.510400000000002
1378,2019-10-15 14:30:00,10.141299999999994
1379,2019-10-15 14:45:00,9.276700000000002
1380,2019-10-15 15:00:00,7.714700000000001
1381,2019-10-15 15:15:00,7.149399999999998
1382,2019-10-15 15:30:00,6.465099999999999
1383,2019-10-15 15:45:00,5.570100000000001
1384,2019-10-15 16:00:00,4.654400000000003
1385,2019-10-15 16:15:00,4.173400000000003
1386,2019-10-15 16:30:00,3.1435999999999997
1387,2019-10-15 16:45:00,1.3332999999999993
1388,2019-10-15 17:00:00,0.8703000000000007
1389,2019-10-15 17:15:00,0.2504999999999999
1390,2019-10-15 17:30:00,0.050100000000000006
1391,2019-10-15 17:45:00,0.0128
1392,2019-10-15 18:00:00,0.0
1393,2019-10-15 18:15:00,0.0
1394,2019-10-15 18:30:00,0.0
1395,2019-10-15 18:45:00,0.0
1440,2019-10-16 06:00:00,0.0002
1441,2019-10-16 06:15:00,0.0002
1442,2019-10-16 06:30:00,0.038899999999999976
1443,2019-10-16 06:45:00,0.3396
1444,2019-10-16 07:00:00,0.9848000000000003
1445,2019-10-16 07:15:00,1.3948000000000003
1446,2019-10-16 07:30:00,2.3126000000000015
1447,2019-10-16 07:45:00,3.358999999999999
1448,2019-10-16 08:00:00,3.5207999999999995
1449,2019-10-16 08:15:00,5.152399999999999
1450,2019-10-16 08:30:00,6.227400000000002
1451,2019-10-16 08:45:00,6.582799999999995
1452,2019-10-16 09:00:00,8.144599999999997
1453,2019-10-16 09:15:00,7.408
1454,2019-10-16 09:30:00,9.694000000000003
1455,2019-10-16 09:45:00,10.072600000000008
1456,2019-10-16 10:00:00,11.003700000000002
1457,2019-10-16 10:15:00,10.806300000000004
1458,2019-10-16 10:30:00,12.209400000000002
1459,2019-10-16 10:45:00,11.991699999999998
1460,2019-10-16 11:00:00,12.032600000000002
1461,2019-10-16 11:15:00,12.115900000000003
1462,2019-10-16 11:30:00,12.257699999999998
1463,2019-10-16 11:45:00,12.290400000000004
1464,2019-10-16 12:00:00,13.320500000000012
1465,2019-10-16 12:15:00,13.345000000000004
1466,2019-10-16 12:30:00,13.383100000000008
1467,2019-10-16 12:45:00,13.2129
1468,2019-10-16 13:00:00,12.293200000000002
1469,2019-10-16 13:15:00,12.0803
1470,2019-10-16 13:30:00,11.937899999999996
1471,2019-10-16 13:45:00,10.153499999999994
1472,2019-10-16 14:00:00,9.6843
1473,2019-10-16 14:15:00,9.420000000000003
1474,2019-10-16 14:30:00,9.1425
1475,2019-10-16 14:45:00,8.3611
1476,2019-10-16 15:00:00,7.0034
1477,2019-10-16 15:15:00,6.644600000000001
1478,2019-10-16 15:30:00,5.983999999999998
1479,2019-10-16 15:45:00,5.122500000000001
1480,2019-10-16 16:00:00,4.587000000000003
1481,2019-10-16 16:15:00,4.1903999999999995
1482,2019-10-16 16:30:00,3.259899999999999
1483,2019-10-16 16:45:00,1.7727000000000002
1484,2019-10-16 17:00:00,0.4012999999999999
1485,2019-10-16 17:15:00,0.16829999999999998
1486,2019-10-16 17:30:00,0.0369
1487,2019-10-16 17:45:00,0.0053
1488,2019-10-16 18:00:00,0.0
1489,2019-10-16 18:15:00,0.0
1490,2019-10-16 18:30:00,0.0
1491,2019-10-16 18:45:00,0.0
1536,2019-10-17 06:00:00,0.0
1537,2019-10-17 06:15:00,0.0
1538,2019-10-17 06:30:00,0.06640000000000003
1539,2019-10-17 06:45:00,0.3611000000000001
1540,2019-10-17 07:00:00,0.9638
1541,2019-10-17 07:15:00,1.2901000000000005
1542,2019-10-17 07:30:00,2.1735000000000007
1543,2019-10-17 07:45:00,3.1689
1544,2019-10-17 08:00:00,3.7337000000000002
1545,2019-10-17 08:15:00,4.704599999999998
1546,2019-10-17 08:30:00,5.366000000000003
1547,2019-10-17 08:45:00,5.965299999999998
1548,2019-10-17 09:00:00,9.079200000000002
1549,2019-10-17 09:15:00,8.565800000000005
1550,2019-10-17 09:30:00,10.622200000000005
1551,2019-10-17 09:45:00,10.59940000000001
1552,2019-10-17 10:00:00,10.6109
1553,2019-10-17 10:15:00,9.6314
1554,2019-10-17 10:30:00,10.4191
1555,2019-10-17 10:45:00,10.0009
1556,2019-10-17 11:00:00,9.351500000000001
1557,2019-10-17 11:15:00,9.5223
1558,2019-10-17 11:30:00,9.698999999999998
1559,2019-10-17 11:45:00,10.483800000000004
1560,2019-10-17 12:00:00,10.179900000000004
1561,2019-10-17 12:15:00,9.620300000000002
1562,2019-10-17 12:30:00,9.5288
1563,2019-10-17 12:45:00,9.454799999999999
1564,2019-10-17 13:00:00,11.3509
1565,2019-10-17 13:15:00,11.1066
1566,2019-10-17 13:30:00,10.992799999999999
1567,2019-10-17 13:45:00,9.344799999999998
1568,2019-10-17 14:00:00,9.478600000000004
1569,2019-10-17 14:15:00,9.127800000000002
1570,2019-10-17 14:30:00,8.7924
1571,2019-10-17 14:45:00,8.429
1572,2019-10-17 15:00:00,6.527299999999998
1573,2019-10-17 15:15:00,6.0448
1574,2019-10-17 15:30:00,5.8279000000000005
1575,2019-10-17 15:45:00,5.347600000000001
1576,2019-10-17 16:00:00,3.2089000000000025
1577,2019-10-17 16:15:00,2.5333000000000014
1578,2019-10-17 16:30:00,2.2870999999999997
1579,2019-10-17 16:45:00,1.2224999999999995
1580,2019-10-17 17:00:00,0.40430000000000005
1581,2019-10-17 17:15:00,0.1806
1582,2019-10-17 17:30:00,0.05890000000000002
1583,2019-10-17 17:45:00,0.014600000000000002
1584,2019-10-17 18:00:00,0.0
1585,2019-10-17 18:15:00,0.0
1586,2019-10-17 18:30:00,0.0
1587,2019-10-17 18:45:00,0.0
1632,2019-10-18 06:00:00,0.0023
1633,2019-10-18 06:15:00,0.0023
1634,2019-10-18 06:30:00,0.03169999999999999
1635,2019-10-18 06:45:00,0.31499999999999995
1636,2019-10-18 07:00:00,0.8308999999999999
1637,2019-10-18 07:15:00,1.2040999999999993
1638,2019-10-18 07:30:00,2.1523000000000003
1639,2019-10-18 07:45:00,2.595499999999999
1640,2019-10-18 08:00:00,3.0473999999999997
1641,2019-10-18 08:15:00,4.410399999999998
1642,2019-10-18 08:30:00,5.008500000000001
1643,2019-10-18 08:45:00,4.9697999999999976
1644,2019-10-18 09:00:00,6.388900000000003
1645,2019-10-18 09:15:00,6.5201
1646,2019-10-18 09:30:00,6.9576
1647,2019-10-18 09:45:00,7.627100000000004
1648,2019-10-18 10:00:00,9.066700000000004
1649,2019-10-18 10:15:00,8.872800000000002
1650,2019-10-18 10:30:00,9.2706
1651,2019-10-18 10:45:00,9.080999999999998
1652,2019-10-18 11:00:00,11.054900000000005
1653,2019-10-18 11:15:00,11.116499999999998
1654,2019-10-18 11:30:00,11.6983
1655,2019-10-18 11:45:00,11.823299999999996
1656,2019-10-18 12:00:00,10.264100000000003
1657,2019-10-18 12:15:00,10.5681
1658,2019-10-18 12:30:00,10.776499999999993
1659,2019-10-18 12:45:00,11.353
1660,2019-10-18 13:00:00,9.032700000000002
1661,2019-10-18 13:15:00,9.285799999999997
1662,2019-10-18 13:30:00,9.494099999999996
1663,2019-10-18 13:45:00,9.0032
1664,2019-10-18 14:00:00,7.843599999999999
1665,2019-10-18 14:15:00,7.817899999999997
1666,2019-10-18 14:30:00,8.026599999999998
1667,2019-10-18 14:45:00,7.509499999999996
1668,2019-10-18 15:00:00,6.390200000000002
1669,2019-10-18 15:15:00,6.144599999999998
1670,2019-10-18 15:30:00,5.2885
1671,2019-10-18 15:45:00,4.468800000000001
1672,2019-10-18 16:00:00,3.3319999999999994
1673,2019-10-18 16:15:00,2.560000000000001
1674,2019-10-18 16:30:00,2.2654
1675,2019-10-18 16:45:00,1.1861000000000002
1676,2019-10-18 17:00:00,0.3926999999999998
1677,2019-10-18 17:15:00,0.19489999999999996
1678,2019-10-18 17:30:00,0.06210000000000004
1679,2019-10-18 17:45:00,0.018400000000000003
1680,2019-10-18 18:00:00,0.0
1681,2019-10-18 18:15:00,0.0
1682,2019-10-18 18:30:00,0.0
1683,2019-10-18 18:45:00,0.0
1728,2019-10-19 06:00:00,0.0043
1729,2019-10-19 06:15:00,0.0043
1730,2019-10-19 06:30:00,0.04290000000000001
1731,2019-10-19 06:45:00,0.33879999999999993
1732,2019-10-19 07:00:00,0.7544000000000004
1733,2019-10-19 07:15:00,1.1786999999999994
1734,2019-10-19 07:30:00,2.0352
1735,2019-10-19 07:45:00,2.607599999999999
1736,2019-10-19 08:00:00,3.4799999999999995
1737,2019-10-19 08:15:00,4.396699999999998
1738,2019-10-19 08:30:00,5.285699999999999
1739,2019-10-19 08:45:00,5.709199999999995
1740,2019-10-19 09:00:00,5.031500000000001
1741,2019-10-19 09:15:00,5.273900000000001
1742,2019-10-19 09:30:00,5.975
1743,2019-10-19 09:45:00,6.706000000000001
1744,2019-10-19 10:00:00,10.437500000000007
1745,2019-10-19 10:15:00,10.370600000000007
1746,2019-10-19 10:30:00,10.468800000000002
1747,2019-10-19 10:45:00,9.6296
1748,2019-10-19 11:00:00,9.966300000000004
1749,2019-10-19 11:15:00,9.860500000000002
1750,2019-10-19 11:30:00,10.094200000000003
1751,2019-10-19 11:45:00,10.4793
1752,2019-10-19 12:00:00,9.263300000000003
1753,2019-10-19 12:15:00,9.246199999999995
1754,2019-10-19 12:30:00,9.388900000000001
1755,2019-10-19 12:45:00,9.482000000000001
1756,2019-10-19 13:00:00,10.045300000000003
1757,2019-10-19 13:15:00,9.651
1758,2019-10-19 13:30:00,9.286799999999998
1759,2019-10-19 13:45:00,8.362499999999997
1760,2019-10-19 14:00:00,8.706100000000001
1761,2019-10-19 14:15:00,8.383000000000001
1762,2019-10-19 14:30:00,7.8981
1763,2019-10-19 14:45:00,7.300499999999999
1764,2019-10-19 15:00:00,6.149799999999999
1765,2019-10-19 15:15:00,6.107900000000001
1766,2019-10-19 15:30:00,5.462700000000003
1767,2019-10-19 15:45:00,4.915800000000001
1768,2019-10-19 16:00:00,3.4229000000000025
1769,2019-10-19 16:15:00,2.9080000000000026
1770,2019-10-19 16:30:00,2.417199999999999
1771,2019-10-19 16:45:00,1.3074999999999997
1772,2019-10-19 17:00:00,0.3620999999999999
1773,2019-10-19 17:15:00,0.15360000000000001
1774,2019-10-19 17:30:00,0.0406
1775,2019-10-19 17:45:00,0.011400000000000004
1776,2019-10-19 18:00:00,0.0
1777,2019-10-19 18:15:00,0.0
1778,2019-10-19 18:30:00,0.0
1779,2019-10-19 18:45:00,0.0
1824,2019-10-20 06:00:00,0.015300000000000001
1825,2019-10-20 06:15:00,0.018799999999999997
1826,2019-10-20 06:30:00,0.05690000000000001
1827,2019-10-20 06:45:00,0.2649999999999999
1828,2019-10-20 07:00:00,0.6164000000000001
1829,2019-10-20 07:15:00,1.1212
1830,2019-10-20 07:30:00,1.9357000000000004
1831,2019-10-20 07:45:00,2.7485000000000004
1832,2019-10-20 08:00:00,3.7236999999999996
1833,2019-10-20 08:15:00,3.9705999999999992
1834,2019-10-20 08:30:00,4.262399999999999
1835,2019-10-20 08:45:00,4.578199999999999
1836,2019-10-20 09:00:00,5.516899999999997
1837,2019-10-20 09:15:00,6.227199999999999
1838,2019-10-20 09:30:00,6.3766
1839,2019-10-20 09:45:00,7.206100000000001
1840,2019-10-20 10:00:00,7.337699999999999
1841,2019-10-20 10:15:00,5.532799999999998
1842,2019-10-20 10:30:00,7.404100000000001
1843,2019-10-20 10:45:00,7.434600000000002
1844,2019-10-20 11:00:00,6.402600000000002
1845,2019-10-20 11:15:00,6.168000000000001
1846,2019-10-20 11:30:00,6.034200000000001
1847,2019-10-20 11:45:00,5.858300000000002
1848,2019-10-20 12:00:00,7.375699999999999
1849,2019-10-20 12:15:00,6.975
1850,2019-10-20 12:30:00,6.758800000000001
1851,2019-10-20 12:45:00,6.6556000000000015
1852,2019-10-20 13:00:00,9.965599999999997
1853,2019-10-20 13:15:00,9.7687
1854,2019-10-20 13:30:00,9.149700000000003
1855,2019-10-20 13:45:00,8.466600000000001
1856,2019-10-20 14:00:00,8.625299999999998
1857,2019-10-20 14:15:00,9.349
1858,2019-10-20 14:30:00,8.933100000000001
1859,2019-10-20 14:45:00,8.735900000000004
1860,2019-10-20 15:00:00,6.701199999999997
1861,2019-10-20 15:15:00,6.0426
1862,2019-10-20 15:30:00,5.806199999999998
1863,2019-10-20 15:45:00,4.527000000000001
1864,2019-10-20 16:00:00,3.8522000000000025
1865,2019-10-20 16:15:00,2.893300000000001
1866,2019-10-20 16:30:00,1.8947999999999996
1867,2019-10-20 16:45:00,1.2549000000000001
1868,2019-10-20 17:00:00,0.43010000000000015
1869,2019-10-20 17:15:00,0.1465
1870,2019-10-20 17:30:00,0.03549999999999998
1871,2019-10-20 17:45:00,0.0047
1872,2019-10-20 18:00:00,0.0
1873,2019-10-20 18:15:00,0.0
1874,2019-10-20 18:30:00,0.0
1875,2019-10-20 18:45:00,0.0
1920,2019-10-21 06:00:00,0.0
1921,2019-10-21 06:15:00,0.0021000000000000003
1922,2019-10-21 06:30:00,0.0223
1923,2019-10-21 06:45:00,0.22140000000000004
1924,2019-10-21 07:00:00,0.6621999999999995
1925,2019-10-21 07:15:00,1.0121000000000002
1926,2019-10-21 07:30:00,1.6477999999999997
1927,2019-10-21 07:45:00,2.2086000000000015
1928,2019-10-21 08:00:00,2.7644
1929,2019-10-21 08:15:00,4.0959
1930,2019-10-21 08:30:00,4.609
1931,2019-10-21 08:45:00,5.135399999999999
1932,2019-10-21 09:00:00,6.109899999999997
1933,2019-10-21 09:15:00,7.236199999999996
1934,2019-10-21 09:30:00,8.5353
1935,2019-10-21 09:45:00,8.9907
1936,2019-10-21 10:00:00,9.131299999999996
1937,2019-10-21 10:15:00,6.7519999999999945
1938,2019-10-21 10:30:00,9.32
1939,2019-10-21 10:45:00,9.365499999999999
1940,2019-10-21 11:00:00,11.607299999999999
1941,2019-10-21 11:15:00,11.510399999999999
1942,2019-10-21 11:30:00,11.44460000000001
1943,2019-10-21 11:45:00,10.960400000000002
1944,2019-10-21 12:00:00,10.744399999999994
1945,2019-10-21 12:15:00,11.113799999999996
1946,2019-10-21 12:30:00,10.8607
1947,2019-10-21 12:45:00,10.457100000000002
1948,2019-10-21 13:00:00,8.764199999999999
1949,2019-10-21 13:15:00,9.407800000000002
1950,2019-10-21 13:30:00,8.899000000000006
1951,2019-10-21 13:45:00,8.311700000000007
1952,2019-10-21 14:00:00,8.107599999999998
1953,2019-10-21 14:15:00,8.5584
1954,2019-10-21 14:30:00,8.094999999999999
1955,2019-10-21 14:45:00,7.760700000000001
1956,2019-10-21 15:00:00,6.872999999999998
1957,2019-10-21 15:15:00,6.4297999999999975
1958,2019-10-21 15:30:00,5.6495
1959,2019-10-21 15:45:00,4.705000000000001
1960,2019-10-21 16:00:00,2.8900999999999994
1961,2019-10-21 16:15:00,1.3824
1962,2019-10-21 16:30:00,1.8343
1963,2019-10-21 16:45:00,1.2408000000000003
1964,2019-10-21 17:00:00,0.41049999999999975
1965,2019-10-21 17:15:00,0.19769999999999993
1966,2019-10-21 17:30:00,0.03809999999999997
1967,2019-10-21 17:45:00,0.0033
1968,2019-10-21 18:00:00,0.0
1969,2019-10-21 18:15:00,0.0
1970,2019-10-21 18:30:00,0.0
1971,2019-10-21 18:45:00,0.0
2016,2019-10-22 06:00:00,0.0003
2017,2019-10-22 06:15:00,0.0009
2018,2019-10-22 06:30:00,0.006900000000000002
2019,2019-10-22 06:45:00,0.18429999999999996
2020,2019-10-22 07:00:00,0.5091999999999997
2021,2019-10-22 07:15:00,0.9757000000000002
2022,2019-10-22 07:30:00,1.641200000000001
2023,2019-10-22 07:45:00,2.3761000000000005
2024,2019-10-22 08:00:00,3.403300000000001
2025,2019-10-22 08:15:00,4.6590000000000025
2026,2019-10-22 08:30:00,4.9565
2027,2019-10-22 08:45:00,5.574099999999999
2028,2019-10-22 09:00:00,7.044299999999997
2029,2019-10-22 09:15:00,8.358999999999998
2030,2019-10-22 09:30:00,9.148900000000003
2031,2019-10-22 09:45:00,9.685400000000008
2032,2019-10-22 10:00:00,9.365800000000004
2033,2019-10-22 10:15:00,7.3385
2034,2019-10-22 10:30:00,10.738900000000003
2035,2019-10-22 10:45:00,10.911100000000001
2036,2019-10-22 11:00:00,6.302199999999999
2037,2019-10-22 11:15:00,6.4228999999999985
2038,2019-10-22 11:30:00,6.0801
2039,2019-10-22 11:45:00,5.9089
2040,2019-10-22 12:00:00,10.3264
2041,2019-10-22 12:15:00,10.703999999999999
2042,2019-10-22 12:30:00,11.2358
2043,2019-10-22 12:45:00,11.2936
2044,2019-10-22 13:00:00,10.595099999999993
2045,2019-10-22 13:15:00,11.0226
2046,2019-10-22 13:30:00,11.186900000000001
2047,2019-10-22 13:45:00,10.3423
2048,2019-10-22 14:00:00,8.781099999999997
2049,2019-10-22 14:15:00,9.039899999999996
2050,2019-10-22 14:30:00,8.7635
2051,2019-10-22 14:45:00,8.632900000000001
2052,2019-10-22 15:00:00,7.015300000000001
2053,2019-10-22 15:15:00,6.510199999999998
2054,2019-10-22 15:30:00,5.854699999999998
2055,2019-10-22 15:45:00,5.064100000000002
2056,2019-10-22 16:00:00,3.582399999999999
2057,2019-10-22 16:15:00,2.2512
2058,2019-10-22 16:30:00,1.7389999999999992
2059,2019-10-22 16:45:00,1.1486000000000003
2060,2019-10-22 17:00:00,0.4766999999999997
2061,2019-10-22 17:15:00,0.23049999999999993
2062,2019-10-22 17:30:00,0.03659999999999998
2063,2019-10-22 17:45:00,0.0055000000000000005
2064,2019-10-22 18:00:00,0.0
2065,2019-10-22 18:15:00,0.0
2066,2019-10-22 18:30:00,0.0
2067,2019-10-22 18:45:00,0.0
2112,2019-10-23 06:00:00,0.0
2113,2019-10-23 06:15:00,0.0002
2114,2019-10-23 06:30:00,0.0229
2115,2019-10-23 06:45:00,0.21210000000000004
2116,2019-10-23 07:00:00,0.4834999999999997
2117,2019-10-23 07:15:00,0.8505000000000003
2118,2019-10-23 07:30:00,1.5671000000000006
2119,2019-10-23 07:45:00,2.3042999999999996
2120,2019-10-23 08:00:00,3.721700000000002
2121,2019-10-23 08:15:00,4.686400000000001
2122,2019-10-23 08:30:00,4.901400000000001
2123,2019-10-23 08:45:00,5.4564999999999975
2124,2019-10-23 09:00:00,7.348999999999997
2125,2019-10-23 09:15:00,8.668199999999999
2126,2019-10-23 09:30:00,9.656799999999997
2127,2019-10-23 09:45:00,10.023800000000001
2128,2019-10-23 10:00:00,9.710600000000001
2129,2019-10-23 10:15:00,7.394899999999998
2130,2019-10-23 10:30:00,10.471500000000002
2131,2019-10-23 10:45:00,10.394399999999997
2132,2019-10-23 11:00:00,7.163100000000003
2133,2019-10-23 11:15:00,7.091299999999999
2134,2019-10-23 11:30:00,6.8843
2135,2019-10-23 11:45:00,6.845900000000001
2136,2019-10-23 12:00:00,12.849599999999999
2137,2019-10-23 12:15:00,12.864399999999996
2138,2019-10-23 12:30:00,12.779399999999999
2139,2019-10-23 12:45:00,12.4277
2140,2019-10-23 13:00:00,12.128300000000007
2141,2019-10-23 13:15:00,12.281600000000005
2142,2019-10-23 13:30:00,11.850900000000003
2143,2019-10-23 13:45:00,10.466200000000004
2144,2019-10-23 14:00:00,11.508099999999999
2145,2019-10-23 14:15:00,11.195299999999998
2146,2019-10-23 14:30:00,10.321499999999993
2147,2019-10-23 14:45:00,9.948500000000001
2148,2019-10-23 15:00:00,8.040500000000002
2149,2019-10-23 15:15:00,7.097399999999998
2150,2019-10-23 15:30:00,6.467699999999997
2151,2019-10-23 15:45:00,5.369299999999999
2152,2019-10-23 16:00:00,4.193800000000002
2153,2019-10-23 16:15:00,3.053100000000001
2154,2019-10-23 16:30:00,2.2171000000000003
2155,2019-10-23 16:45:00,1.6615000000000004
2156,2019-10-23 17:00:00,0.6186999999999997
2157,2019-10-23 17:15:00,0.3644999999999998
2158,2019-10-23 17:30:00,0.05420000000000002
2159,2019-10-23 17:45:00,0.0019000000000000002
2160,2019-10-23 18:00:00,0.0
2161,2019-10-23 18:15:00,0.0
2162,2019-10-23 18:30:00,0.0
2163,2019-10-23 18:45:00,0.0
2208,2019-10-24 06:00:00,0.0004
2209,2019-10-24 06:15:00,0.0004
2210,2019-10-24 06:30:00,0.040900000000000006
2211,2019-10-24 06:45:00,0.25039999999999996
2212,2019-10-24 07:00:00,0.6311999999999999
2213,2019-10-24 07:15:00,1.0039000000000002
2214,2019-10-24 07:30:00,1.6420000000000008
2215,2019-10-24 07:45:00,2.0978000000000003
2216,2019-10-24 08:00:00,3.1370000000000005
2217,2019-10-24 08:15:00,4.625200000000001
2218,2019-10-24 08:30:00,5.524399999999999
2219,2019-10-24 08:45:00,6.182799999999997
2220,2019-10-24 09:00:00,7.671299999999999
2221,2019-10-24 09:15:00,8.724500000000006
2222,2019-10-24 09:30:00,9.652800000000008
2223,2019-10-24 09:45:00,10.348100000000011
2224,2019-10-24 10:00:00,9.911200000000013
2225,2019-10-24 10:15:00,6.641200000000005
2226,2019-10-24 10:30:00,10.204600000000001
2227,2019-10-24 10:45:00,10.688400000000003
2228,2019-10-24 11:00:00,12.8779
2229,2019-10-24 11:15:00,12.817700000000002
2230,2019-10-24 11:30:00,13.0111
2231,2019-10-24 11:45:00,13.151199999999996
2232,2019-10-24 12:00:00,12.983700000000004
2233,2019-10-24 12:15:00,12.828600000000003
2234,2019-10-24 12:30:00,12.889400000000007
2235,2019-10-24 12:45:00,12.639000000000001
2236,2019-10-24 13:00:00,11.527899999999995
2237,2019-10-24 13:15:00,11.080999999999996
2238,2019-10-24 13:30:00,10.8265
2239,2019-10-24 13:45:00,9.944399999999996
2240,2019-10-24 14:00:00,8.908300000000002
2241,2019-10-24 14:15:00,8.6699
2242,2019-10-24 14:30:00,8.783800000000001
2243,2019-10-24 14:45:00,8.4171
2244,2019-10-24 15:00:00,6.5945
2245,2019-10-24 15:15:00,6.319599999999999
2246,2019-10-24 15:30:00,5.4765
2247,2019-10-24 15:45:00,4.7534
2248,2019-10-24 16:00:00,4.037200000000003
2249,2019-10-24 16:15:00,3.180500000000001
2250,2019-10-24 16:30:00,2.1313999999999997
2251,2019-10-24 16:45:00,1.3014000000000001
2252,2019-10-24 17:00:00,0.5314999999999998
2253,2019-10-24 17:15:00,0.40539999999999976
2254,2019-10-24 17:30:00,0.05660000000000001
2255,2019-10-24 17:45:00,0.0018000000000000004
2256,2019-10-24 18:00:00,0.0
2257,2019-10-24 18:15:00,0.0
2258,2019-10-24 18:30:00,0.0
2259,2019-10-24 18:45:00,0.0
2304,2019-10-25 06:00:00,0.0033
2305,2019-10-25 06:15:00,0.0033
2306,2019-10-25 06:30:00,0.016700000000000007
2307,2019-10-25 06:45:00,0.22759999999999994
2308,2019-10-25 07:00:00,0.6672999999999998
2309,2019-10-25 07:15:00,0.9602999999999997
2310,2019-10-25 07:30:00,1.6602000000000012
2311,2019-10-25 07:45:00,2.1555
2312,2019-10-25 08:00:00,3.3895
2313,2019-10-25 08:15:00,5.0268
2314,2019-10-25 08:30:00,5.736300000000001
2315,2019-10-25 08:45:00,6.407699999999997
2316,2019-10-25 09:00:00,7.278799999999995
2317,2019-10-25 09:15:00,7.942499999999999
2318,2019-10-25 09:30:00,8.994400000000006
2319,2019-10-25 09:45:00,9.798500000000008
2320,2019-10-25 10:00:00,9.240400000000006
2321,2019-10-25 10:15:00,6.373700000000003
2322,2019-10-25 10:30:00,9.936599999999999
2323,2019-10-25 10:45:00,10.181100000000004
2324,2019-10-25 11:00:00,10.6813
2325,2019-10-25 11:15:00,10.686000000000002
2326,2019-10-25 11:30:00,10.806600000000005
2327,2019-10-25 11:45:00,10.344399999999993
2328,2019-10-25 12:00:00,10.705799999999993
2329,2019-10-25 12:15:00,11.0028
2330,2019-10-25 12:30:00,10.915500000000002
2331,2019-10-25 12:45:00,10.242799999999997
2332,2019-10-25 13:00:00,11.601199999999995
2333,2019-10-25 13:15:00,11.4849
2334,2019-10-25 13:30:00,11.149799999999997
2335,2019-10-25 13:45:00,9.650399999999998
2336,2019-10-25 14:00:00,9.8729
2337,2019-10-25 14:15:00,9.127399999999996
2338,2019-10-25 14:30:00,8.512899999999998
2339,2019-10-25 14:45:00,8.121499999999996
2340,2019-10-25 15:00:00,6.602699999999996
2341,2019-10-25 15:15:00,6.177299999999998
2342,2019-10-25 15:30:00,5.442300000000001
2343,2019-10-25 15:45:00,4.7315999999999985
2344,2019-10-25 16:00:00,3.7098000000000027
2345,2019-10-25 16:15:00,2.595300000000002
2346,2019-10-25 16:30:00,1.7336000000000007
2347,2019-10-25 16:45:00,1.1087999999999996
2348,2019-10-25 17:00:00,0.4317
2349,2019-10-25 17:15:00,0.17069999999999996
2350,2019-10-25 17:30:00,0.0405
2351,2019-10-25 17:45:00,0.0044
2352,2019-10-25 18:00:00,0.0
2353,2019-10-25 18:15:00,0.0
2354,2019-10-25 18:30:00,0.0
2355,2019-10-25 18:45:00,0.0
2400,2019-10-26 06:00:00,0.0
2401,2019-10-26 06:15:00,0.0011
2402,2019-10-26 06:30:00,0.007600000000000003
2403,2019-10-26 06:45:00,0.22349999999999998
2404,2019-10-26 07:00:00,0.6452999999999995
2405,2019-10-26 07:15:00,0.9327000000000004
2406,2019-10-26 07:30:00,1.6501000000000008
2407,2019-10-26 07:45:00,2.2303999999999995
2408,2019-10-26 08:00:00,3.042600000000002
2409,2019-10-26 08:15:00,4.704599999999998
2410,2019-10-26 08:30:00,5.6480999999999995
2411,2019-10-26 08:45:00,6.232699999999999
2412,2019-10-26 09:00:00,6.414699999999997
2413,2019-10-26 09:15:00,7.329499999999999
2414,2019-10-26 09:30:00,8.117500000000003
2415,2019-10-26 09:45:00,8.727400000000003
2416,2019-10-26 10:00:00,8.067400000000003
2417,2019-10-26 10:15:00,4.8313
2418,2019-10-26 10:30:00,9.040200000000004
2419,2019-10-26 10:45:00,9.171400000000004
2420,2019-10-26 11:00:00,9.315300000000002
2421,2019-10-26 11:15:00,9.322
2422,2019-10-26 11:30:00,9.399099999999999
2423,2019-10-26 11:45:00,8.990699999999999
2424,2019-10-26 12:00:00,10.622800000000002
2425,2019-10-26 12:15:00,10.588600000000001
2426,2019-10-26 12:30:00,9.544999999999995
2427,2019-10-26 12:45:00,8.744399999999995
2428,2019-10-26 13:00:00,9.979100000000004
2429,2019-10-26 13:15:00,9.481200000000003
2430,2019-10-26 13:30:00,9.190900000000001
2431,2019-10-26 13:45:00,8.054299999999996
2432,2019-10-26 14:00:00,7.8309999999999995
2433,2019-10-26 14:15:00,7.449299999999995
2434,2019-10-26 14:30:00,7.058499999999997
2435,2019-10-26 14:45:00,6.558899999999995
2436,2019-10-26 15:00:00,5.301700000000002
2437,2019-10-26 15:15:00,4.8229000000000015
2438,2019-10-26 15:30:00,4.630200000000002
2439,2019-10-26 15:45:00,4.112900000000001
2440,2019-10-26 16:00:00,3.2871000000000015
2441,2019-10-26 16:15:00,2.2702000000000018
2442,2019-10-26 16:30:00,1.7574000000000003
2443,2019-10-26 16:45:00,0.8522999999999996
2444,2019-10-26 17:00:00,0.3888999999999999
2445,2019-10-26 17:15:00,0.11050000000000008
2446,2019-10-26 17:30:00,0.019600000000000003
2447,2019-10-26 17:45:00,0.0001
2448,2019-10-26 18:00:00,0.0
2449,2019-10-26 18:15:00,0.0
2450,2019-10-26 18:30:00,0.0
2451,2019-10-26 18:45:00,0.0
2496,2019-10-27 06:00:00,0.0
2497,2019-10-27 06:15:00,0.0
2498,2019-10-27 06:30:00,0.0032
2499,2019-10-27 06:45:00,0.12599999999999997
2500,2019-10-27 07:00:00,0.36370000000000013
2501,2019-10-27 07:15:00,0.8035000000000002
2502,2019-10-27 07:30:00,1.3319000000000003
2503,2019-10-27 07:45:00,1.9954000000000003
2504,2019-10-27 08:00:00,2.8480999999999983
2505,2019-10-27 08:15:00,3.9664000000000006
2506,2019-10-27 08:30:00,4.3915999999999995
2507,2019-10-27 08:45:00,4.836599999999998
2508,2019-10-27 09:00:00,5.838699999999998
2509,2019-10-27 09:15:00,6.768299999999999
2510,2019-10-27 09:30:00,8.235800000000001
2511,2019-10-27 09:45:00,8.796599999999998
2512,2019-10-27 10:00:00,8.6665
2513,2019-10-27 10:15:00,6.919700000000002
2514,2019-10-27 10:30:00,9.4753
2515,2019-10-27 10:45:00,9.7273
2516,2019-10-27 11:00:00,7.1924
2517,2019-10-27 11:15:00,6.999100000000001
2518,2019-10-27 11:30:00,7.022000000000002
2519,2019-10-27 11:45:00,7.096799999999999
2520,2019-10-27 12:00:00,9.477199999999996
2521,2019-10-27 12:15:00,9.4614
2522,2019-10-27 12:30:00,9.6324
2523,2019-10-27 12:45:00,9.348699999999997
2524,2019-10-27 13:00:00,8.346499999999999
2525,2019-10-27 13:15:00,9.292799999999998
2526,2019-10-27 13:30:00,9.437100000000003
2527,2019-10-27 13:45:00,8.7413
2528,2019-10-27 14:00:00,8.046499999999998
2529,2019-10-27 14:15:00,8.6659
2530,2019-10-27 14:30:00,8.373300000000002
2531,2019-10-27 14:45:00,8.090300000000003
2532,2019-10-27 15:00:00,6.596399999999999
2533,2019-10-27 15:15:00,5.981700000000001
2534,2019-10-27 15:30:00,5.126900000000002
2535,2019-10-27 15:45:00,4.258800000000002
2536,2019-10-27 16:00:00,3.229400000000001
2537,2019-10-27 16:15:00,2.2366
2538,2019-10-27 16:30:00,1.7724000000000004
2539,2019-10-27 16:45:00,0.8891000000000001
2540,2019-10-27 17:00:00,0.3489999999999999
2541,2019-10-27 17:15:00,0.10860000000000007
2542,2019-10-27 17:30:00,0.025399999999999995
2543,2019-10-27 17:45:00,0.0045000000000000005
